,Id,SalePrice
0,1461,125807.5
1,1462,154044.0
2,1463,177733.0
3,1464,186718.72
4,1465,203239.56
5,1466,183301.55
6,1467,171120.1
7,1468,174010.79
8,1469,181877.69
9,1470,114691.0
10,1471,194233.64
11,1472,92493.0
12,1473,102805.0
13,1474,152287.0
14,1475,143052.94
15,1476,368679.29
16,1477,258397.03
17,1478,299548.41
18,1479,273785.55
19,1480,421498.88
20,1481,309143.76
21,1482,211123.01
22,1483,177874.26
23,1484,175211.84
24,1485,170084.92
25,1486,198924.92
26,1487,348046.89
27,1488,243113.12
28,1489,212289.88
29,1490,199882.45
30,1491,193724.6
31,1492,100886.0
32,1493,183309.02
33,1494,292637.39
34,1495,298243.77
35,1496,220581.63
36,1497,187282.55
37,1498,152690.51
38,1499,151927.6
39,1500,156611.75
40,1501,170409.5
41,1502,163044.78
42,1503,303678.76
43,1504,228182.33
44,1505,220657.47
45,1506,183342.55
46,1507,232594.56
47,1508,198465.49
48,1509,162957.41
49,1510,153654.0
50,1511,156621.75
51,1512,166731.69
52,1513,155502.35
53,1514,162399.17
54,1515,167178.34
55,1516,163235.53
56,1517,153130.32
57,1518,130441.19
58,1519,224337.28
59,1520,137636.5
60,1521,146901.0
61,1522,166338.64
62,1523,110706.0
63,1524,122396.0
64,1525,123006.16
65,1526,124322.0
66,1527,109464.0
67,1528,126676.16
68,1529,147000.0
69,1530,161624.5
70,1531,135785.0
71,1532,106842.5
72,1533,143619.0
73,1534,116559.54
74,1535,155550.55
75,1536,123209.33
76,1537,86176.0
77,1538,190752.8
78,1539,246868.83
79,1540,104886.92
80,1541,151758.64
81,1542,143807.3
82,1543,216424.65
83,1544,83585.25
84,1545,106991.5
85,1546,127430.0
86,1547,138116.84
87,1548,135223.88
88,1549,123974.1
89,1550,142327.84
90,1551,118109.75
91,1552,151809.0
92,1553,145446.13
93,1554,112524.98
94,1555,171718.5
95,1556,97566.41
96,1557,122674.75
97,1558,94027.58
98,1559,113950.2
99,1560,150186.82
100,1561,148156.08
101,1562,124227.33
102,1563,123713.6
103,1564,167059.01
104,1565,153755.25
105,1566,210732.66
106,1567,84184.0
107,1568,229541.3
108,1569,152327.92
109,1570,128656.75
110,1571,131483.94
111,1572,142252.5
112,1573,239422.84
113,1574,122281.5
114,1575,210355.56
115,1576,217124.5
116,1577,205706.94
117,1578,156294.29
118,1579,141531.43
119,1580,190263.9
120,1581,141471.25
121,1582,129436.1
122,1583,330238.34
123,1584,246536.39
124,1585,138714.6
125,1586,75814.5
126,1587,110546.5
127,1588,150363.75
128,1589,103752.5
129,1590,133158.0
130,1591,105277.0
131,1592,128212.75
132,1593,122810.6
133,1594,131769.39
134,1595,123832.26
135,1596,224356.68
136,1597,162158.85
137,1598,183174.72
138,1599,209293.58
139,1600,194629.56
140,1601,81250.0
141,1602,117545.83
142,1603,97446.53
143,1604,296272.36
144,1605,249010.79
145,1606,166348.5
146,1607,179289.28
147,1608,213774.59
148,1609,199787.11
149,1610,156528.29
150,1611,152711.0
151,1612,159163.11
152,1613,167262.06
153,1614,119129.91
154,1615,93192.54
155,1616,89802.0
156,1617,92528.5
157,1618,126453.6
158,1619,132821.64
159,1620,149016.28
160,1621,141770.47
161,1622,153179.4
162,1623,307327.24
163,1624,218166.68
164,1625,126386.0
165,1626,174673.5
166,1627,192054.32
167,1628,280100.1
168,1629,173973.65
169,1630,355325.77
170,1631,227049.28
171,1632,250758.29
172,1633,167906.98
173,1634,183487.26
174,1635,183578.79
175,1636,162784.79
176,1637,174520.89
177,1638,207455.38
178,1639,184189.8
179,1640,244794.5
180,1641,188605.4
181,1642,217102.53
182,1643,221136.51
183,1644,232135.64
184,1645,181799.0
185,1646,150986.5
186,1647,163569.88
187,1648,142406.0
188,1649,138940.25
189,1650,118134.33
190,1651,115078.83
191,1652,92679.0
192,1653,96808.0
193,1654,157388.18
194,1655,157242.3
195,1656,152070.0
196,1657,156861.0
197,1658,156779.37
198,1659,145472.34
199,1660,145902.83
200,1661,428012.13
201,1662,372327.65
202,1663,375931.84
203,1664,418391.4
204,1665,313079.43
205,1666,321737.81
206,1667,352557.98
207,1668,323369.36
208,1669,293770.37
209,1670,332113.73
210,1671,248786.11
211,1672,420115.02
212,1673,297149.88
213,1674,249660.58
214,1675,187966.99
215,1676,190797.38
216,1677,210857.38
217,1678,389333.7
218,1679,376767.62
219,1680,328936.69
220,1681,275307.81
221,1682,301219.58
222,1683,181038.76
223,1684,174902.45
224,1685,174925.39
225,1686,170778.04
226,1687,167345.54
227,1688,187227.32
228,1689,192711.49
229,1690,183348.15
230,1691,172661.32
231,1692,277588.03
232,1693,167759.1
233,1694,185662.5
234,1695,169743.74
235,1696,266192.42
236,1697,169189.54
237,1698,354806.22
238,1699,321782.04
239,1700,245825.91
240,1701,272308.78
241,1702,257427.5
242,1703,255882.49
243,1704,297126.86
244,1705,249915.43
245,1706,403492.55
246,1707,223279.52
247,1708,222148.27
248,1709,270579.01
249,1710,229951.27
250,1711,266851.2
251,1712,246562.93
252,1713,242121.8
253,1714,221642.63
254,1715,202110.54
255,1716,176804.17
256,1717,161834.69
257,1718,141141.6
258,1719,207507.03
259,1720,251049.29
260,1721,160150.12
261,1722,131220.75
262,1723,153461.0
263,1724,212656.3
264,1725,236935.86
265,1726,189793.72
266,1727,176468.31
267,1728,185260.61
268,1729,161130.56
269,1730,170347.37
270,1731,126041.91
271,1732,132247.93
272,1733,124632.83
273,1734,130249.5
274,1735,130647.74
275,1736,115568.83
276,1737,348393.68
277,1738,213968.87
278,1739,260897.75
279,1740,193015.56
280,1741,186067.92
281,1742,170096.89
282,1743,166878.05
283,1744,321204.5
284,1745,224360.64
285,1746,265724.48
286,1747,208317.86
287,1748,202687.29
288,1749,157567.5
289,1750,151721.5
290,1751,236320.8
291,1752,122155.66
292,1753,144442.18
293,1754,206880.8
294,1755,166763.32
295,1756,117574.16
296,1757,120170.49
297,1758,152757.5
298,1759,164920.0
299,1760,158605.75
300,1761,157314.5
301,1762,169374.83
302,1763,166330.5
303,1764,115149.5
304,1765,179259.0
305,1766,175829.0
306,1767,214649.7
307,1768,139326.25
308,1769,163922.04
309,1770,137995.25
310,1771,139398.25
311,1772,141876.34
312,1773,142285.5
313,1774,129017.5
314,1775,131954.75
315,1776,122725.5
316,1777,119468.6
317,1778,129064.5
318,1779,119037.03
319,1780,177487.95
320,1781,132228.5
321,1782,96423.16
322,1783,124253.88
323,1784,101245.54
324,1785,116827.0
325,1786,150728.2
326,1787,167296.2
327,1788,60793.0
328,1789,100611.5
329,1790,87758.83
330,1791,175632.78
331,1792,155968.5
332,1793,137541.0
333,1794,140391.0
334,1795,137387.25
335,1796,126437.0
336,1797,118098.37
337,1798,125917.5
338,1799,116846.43
339,1800,124276.5
340,1801,130916.76
341,1802,161964.67
342,1803,156287.82
343,1804,142362.2
344,1805,133156.5
345,1806,110703.54
346,1807,152625.0
347,1808,122294.5
348,1809,124421.56
349,1810,146911.34
350,1811,112964.37
351,1812,112969.74
352,1813,122248.04
353,1814,103211.83
354,1815,68356.5
355,1816,104146.83
356,1817,125634.17
357,1818,146180.53
358,1819,113236.56
359,1820,84619.58
360,1821,129487.88
361,1822,157318.5
362,1823,66025.5
363,1824,140253.25
364,1825,137023.98
365,1826,102907.83
366,1827,111635.83
367,1828,139260.77
368,1829,119379.5
369,1830,153850.5
370,1831,162108.2
371,1832,111338.98
372,1833,148742.84
373,1834,129842.29
374,1835,161495.65
375,1836,130100.0
376,1837,94029.5
377,1838,128191.04
378,1839,87014.0
379,1840,168810.78
380,1841,148960.07
381,1842,96015.5
382,1843,140398.0
383,1844,140933.2
384,1845,149547.94
385,1846,152851.0
386,1847,153964.05
387,1848,63414.0
388,1849,115077.7
389,1850,129709.25
390,1851,153514.34
391,1852,126429.5
392,1853,134384.5
393,1854,169133.28
394,1855,152411.49
395,1856,216974.81
396,1857,162774.65
397,1858,139580.37
398,1859,125168.39
399,1860,157355.63
400,1861,124949.11
401,1862,261974.22
402,1863,256688.72
403,1864,256688.72
404,1865,332247.19
405,1866,329735.6
406,1867,247715.98
407,1868,304696.3
408,1869,195560.0
409,1870,255280.84
410,1871,255988.59
411,1872,172584.65
412,1873,226229.89
413,1874,135961.5
414,1875,206737.68
415,1876,192872.5
416,1877,209352.32
417,1878,208434.65
418,1879,129114.1
419,1880,137051.93
420,1881,236706.61
421,1882,267985.88
422,1883,196385.18
423,1884,220344.62
424,1885,261322.86
425,1886,305739.01
426,1887,194993.72
427,1888,291979.79
428,1889,166485.6
429,1890,140074.5
430,1891,143965.35
431,1892,109306.5
432,1893,137587.5
433,1894,125141.63
434,1895,147739.14
435,1896,120952.5
436,1897,112451.83
437,1898,107928.54
438,1899,132683.23
439,1900,144009.56
440,1901,162546.0
441,1902,138066.0
442,1903,216523.8
443,1904,135657.0
444,1905,176779.82
445,1906,152972.52
446,1907,202103.0
447,1908,124588.04
448,1909,137542.41
449,1910,131105.63
450,1911,188001.37
451,1912,263548.73
452,1913,143696.81
453,1914,76979.0
454,1915,350082.86
455,1916,75588.0
456,1917,259417.12
457,1918,134543.17
458,1919,161645.6
459,1920,150028.24
460,1921,395736.67
461,1922,333273.23
462,1923,205755.5
463,1924,217407.42
464,1925,220401.45
465,1926,372788.23
466,1927,135243.0
467,1928,157695.16
468,1929,126072.26
469,1930,135437.83
470,1931,140013.83
471,1932,137648.92
472,1933,175796.39
473,1934,181277.16
474,1935,179249.81
475,1936,191268.15
476,1937,180119.7
477,1938,168891.16
478,1939,242775.03
479,1940,204166.42
480,1941,176247.72
481,1942,194398.27
482,1943,208355.56
483,1944,311441.31
484,1945,363938.67
485,1946,166216.7
486,1947,321396.21
487,1948,177524.75
488,1949,234748.88
489,1950,175495.83
490,1951,244557.29
491,1952,231579.32
492,1953,164173.0
493,1954,206938.7
494,1955,129527.53
495,1956,266902.31
496,1957,163773.95
497,1958,303104.3
498,1959,139698.8
499,1960,110826.6
500,1961,116891.66
501,1962,92268.0
502,1963,102945.0
503,1964,106235.66
504,1965,154667.07
505,1966,155637.65
506,1967,300940.94
507,1968,394941.91
508,1969,363399.1
509,1970,401475.38
510,1971,433538.85
511,1972,346551.73
512,1973,275918.87
513,1974,317299.51
514,1975,443109.21
515,1976,269149.29
516,1977,357279.82
517,1978,354133.26
518,1979,327141.62
519,1980,193216.75
520,1981,317440.56
521,1982,246452.98
522,1983,232708.3
523,1984,168423.91
524,1985,203482.22
525,1986,201174.18
526,1987,189136.0
527,1988,176407.24
528,1989,188634.87
529,1990,212000.21
530,1991,213132.46
531,1992,206691.27
532,1993,175141.55
533,1994,239316.32
534,1995,182702.95
535,1996,266702.05
536,1997,320626.75
537,1998,330523.72
538,1999,261340.01
539,2000,305076.73
540,2001,273160.84
541,2002,230246.98
542,2003,249162.98
543,2004,258676.2
544,2005,243029.82
545,2006,235055.5
546,2007,251503.17
547,2008,209059.1
548,2009,192127.0
549,2010,192453.65
550,2011,151851.74
551,2012,182252.79
552,2013,184496.99
553,2014,190893.91
554,2015,198400.96
555,2016,195786.5
556,2017,204008.11
557,2018,124030.5
558,2019,131755.83
559,2020,118896.0
560,2021,116716.0
561,2022,175992.5
562,2023,147314.14
563,2024,229339.9
564,2025,366862.77
565,2026,184236.15
566,2027,152520.58
567,2028,164217.22
568,2029,168536.31
569,2030,273786.59
570,2031,257769.76
571,2032,277819.24
572,2033,267759.28
573,2034,161260.91
574,2035,206214.73
575,2036,208929.55
576,2037,217018.58
577,2038,299364.91
578,2039,221503.33
579,2040,380118.03
580,2041,285685.92
581,2042,204062.45
582,2043,169047.0
583,2044,173877.69
584,2045,212590.69
585,2046,135588.73
586,2047,153769.59
587,2048,135443.2
588,2049,135019.68
589,2050,180145.05
590,2051,106200.5
591,2052,138283.75
592,2053,145464.25
593,2054,93815.75
594,2055,156440.5
595,2056,126379.0
596,2057,128529.5
597,2058,218254.69
598,2059,127804.5
599,2060,165297.78
600,2061,180598.0
601,2062,136092.0
602,2063,116807.0
603,2064,142871.5
604,2065,124370.5
605,2066,173245.55
606,2067,129124.59
607,2068,132780.97
608,2069,92590.5
609,2070,113636.5
610,2071,96353.0
611,2072,136680.19
612,2073,137242.5
613,2074,172112.3
614,2075,146015.75
615,2076,122814.0
616,2077,149173.0
617,2078,132493.33
618,2079,133591.5
619,2080,115366.25
620,2081,119015.0
621,2082,118475.29
622,2083,143233.27
623,2084,112730.08
624,2085,129845.25
625,2086,125401.81
626,2087,123821.34
627,2088,104654.15
628,2089,96546.0
629,2090,135956.36
630,2091,126596.28
631,2092,139280.93
632,2093,134968.33
633,2094,131654.43
634,2095,150125.5
635,2096,94390.54
636,2097,105310.54
637,2098,147642.0
638,2099,72754.0
639,2100,113354.33
640,2101,119287.9
641,2102,144749.04
642,2103,112099.04
643,2104,126087.88
644,2105,133167.29
645,2106,87415.0
646,2107,239066.58
647,2108,119937.0
648,2109,117926.0
649,2110,127974.75
650,2111,156176.87
651,2112,136370.39
652,2113,118403.54
653,2114,110422.7
654,2115,149998.84
655,2116,122666.5
656,2117,146376.4
657,2118,114348.5
658,2119,112414.33
659,2120,111361.92
660,2121,113702.5
661,2122,110292.75
662,2123,96305.04
663,2124,174213.34
664,2125,131685.21
665,2126,164940.84
666,2127,155425.04
667,2128,137467.39
668,2129,113326.5
669,2130,145836.26
670,2131,160542.8
671,2132,121720.34
672,2133,122834.5
673,2134,118707.25
674,2135,112903.64
675,2136,82971.0
676,2137,122887.5
677,2138,138237.75
678,2139,152173.0
679,2140,135709.24
680,2141,142971.0
681,2142,138426.05
682,2143,143341.55
683,2144,114879.5
684,2145,134044.64
685,2146,156972.69
686,2147,156820.33
687,2148,126692.5
688,2149,135493.0
689,2150,212799.73
690,2151,128309.95
691,2152,190480.0
692,2153,159620.0
693,2154,109447.0
694,2155,126476.1
695,2156,239421.48
696,2157,230409.5
697,2158,234785.29
698,2159,213056.04
699,2160,173727.39
700,2161,251479.49
701,2162,406164.02
702,2163,336877.81
703,2164,258032.71
704,2165,180532.25
705,2166,142339.5
706,2167,202612.94
707,2168,210129.5
708,2169,195717.22
709,2170,219965.58
710,2171,148525.66
711,2172,143881.55
712,2173,155753.56
713,2174,253511.62
714,2175,302386.31
715,2176,329178.06
716,2177,258984.14
717,2178,228389.45
718,2179,141861.5
719,2180,195333.94
720,2181,196912.68
721,2182,223516.96
722,2183,198590.31
723,2184,137986.5
724,2185,139783.14
725,2186,147665.5
726,2187,150363.5
727,2188,154489.13
728,2189,172806.16
729,2190,83537.5
730,2191,88853.5
731,2192,89809.0
732,2193,107457.5
733,2194,107183.0
734,2195,112477.5
735,2196,108793.5
736,2197,110270.25
737,2198,153787.05
738,2199,159755.53
739,2200,135719.34
740,2201,135581.36
741,2202,196928.7
742,2203,161321.0
743,2204,169574.36
744,2205,113090.0
745,2206,135837.5
746,2207,232032.85
747,2208,223140.37
748,2209,186172.2
749,2210,131397.84
750,2211,116686.83
751,2212,118422.04
752,2213,110344.0
753,2214,143756.39
754,2215,110830.5
755,2216,143956.69
756,2217,79699.0
757,2218,96168.12
758,2219,84742.5
759,2220,92042.5
760,2221,345608.03
761,2222,232296.95
762,2223,250988.41
763,2224,215670.02
764,2225,140538.04
765,2226,178411.0
766,2227,191870.75
767,2228,291002.91
768,2229,239752.31
769,2230,156208.38
770,2231,206790.78
771,2232,180625.22
772,2233,175030.32
773,2234,258951.65
774,2235,203987.32
775,2236,281207.42
776,2237,351713.51
777,2238,187626.68
778,2239,120983.25
779,2240,165082.0
780,2241,158376.5
781,2242,138699.08
782,2243,134409.36
783,2244,95829.66
784,2245,94352.83
785,2246,142566.75
786,2247,100817.5
787,2248,120147.76
788,2249,123497.0
789,2250,134431.0
790,2251,124613.25
791,2252,179006.5
792,2253,156891.3
793,2254,175927.31
794,2255,192046.82
795,2256,181690.69
796,2257,205170.69
797,2258,174372.1
798,2259,178512.85
799,2260,151241.75
800,2261,192204.55
801,2262,217367.85
802,2263,337057.45
803,2264,423930.25
804,2265,167726.03
805,2266,299369.27
806,2267,359581.77
807,2268,380726.47
808,2269,163221.48
809,2270,186138.89
810,2271,230713.36
811,2272,197869.5
812,2273,162809.0
813,2274,172854.32
814,2275,165961.0
815,2276,176764.3
816,2277,178551.4
817,2278,153240.08
818,2279,119689.0
819,2280,110512.5
820,2281,177453.85
821,2282,175166.89
822,2283,96234.0
823,2284,109855.86
824,2285,154436.6
825,2286,127373.08
826,2287,335103.07
827,2288,278486.77
828,2289,367512.92
829,2290,404575.15
830,2291,321732.6
831,2292,411415.69
832,2293,436057.45
833,2294,393044.36
834,2295,413716.73
835,2296,281225.16
836,2297,320910.5
837,2298,324811.93
838,2299,384412.41
839,2300,318763.3
840,2301,288170.14
841,2302,230887.16
842,2303,237753.78
843,2304,242948.52
844,2305,187316.12
845,2306,188307.89
846,2307,188416.56
847,2308,216274.0
848,2309,282656.59
849,2310,230555.86
850,2311,191611.57
851,2312,178392.83
852,2313,174686.91
853,2314,181353.29
854,2315,173976.34
855,2316,183012.78
856,2317,179756.02
857,2318,176513.43
858,2319,176102.8
859,2320,181230.16
860,2321,254251.12
861,2322,169802.44
862,2323,177209.38
863,2324,169098.66
864,2325,215921.82
865,2326,170860.48
866,2327,202886.05
867,2328,215050.06
868,2329,182121.67
869,2330,180491.0
870,2331,352837.42
871,2332,383629.36
872,2333,311686.97
873,2334,261242.41
874,2335,273386.06
875,2336,334830.43
876,2337,203219.62
877,2338,284707.46
878,2339,231962.45
879,2340,377236.04
880,2341,218834.99
881,2342,242783.06
882,2343,220042.45
883,2344,228826.27
884,2345,237609.36
885,2346,230940.52
886,2347,197903.23
887,2348,232940.17
888,2349,150599.6
889,2350,290104.63
890,2351,261473.45
891,2352,251455.65
892,2353,221662.0
893,2354,131112.66
894,2355,153262.44
895,2356,150821.0
896,2357,196952.82
897,2358,200350.75
898,2359,125273.65
899,2360,121249.64
900,2361,139172.5
901,2362,263110.83
902,2363,141952.25
903,2364,155114.5
904,2365,242676.85
905,2366,195111.08
906,2367,215731.42
907,2368,198801.61
908,2369,217361.5
909,2370,171006.0
910,2371,166324.73
911,2372,171253.21
912,2373,275360.27
913,2374,295604.22
914,2375,235141.98
915,2376,263727.28
916,2377,334538.78
917,2378,143779.9
918,2379,196900.78
919,2380,145158.7
920,2381,161461.5
921,2382,187922.95
922,2383,209051.05
923,2384,240516.09
924,2385,150868.5
925,2386,140417.25
926,2387,130711.08
927,2388,104260.53
928,2389,128621.5
929,2390,137865.5
930,2391,135549.1
931,2392,113858.0
932,2393,163669.21
933,2394,147977.5
934,2395,195725.5
935,2396,148247.0
936,2397,205961.5
937,2398,129248.87
938,2399,58315.5
939,2400,62391.04
940,2401,113589.64
941,2402,138536.75
942,2403,132309.11
943,2404,144137.47
944,2405,163123.5
945,2406,131162.0
946,2407,129269.83
947,2408,140182.85
948,2409,132696.0
949,2410,168344.5
950,2411,120765.0
951,2412,154378.5
952,2413,139317.5
953,2414,133346.97
954,2415,129156.25
955,2416,130526.25
956,2417,129577.5
957,2418,124971.64
958,2419,128526.65
959,2420,123084.0
960,2421,150332.0
961,2422,120462.0
962,2423,129827.95
963,2424,151613.93
964,2425,157466.31
965,2426,131501.28
966,2427,137457.4
967,2428,164330.17
968,2429,112694.75
969,2430,127204.5
970,2431,115452.58
971,2432,136740.75
972,2433,143536.75
973,2434,146337.5
974,2435,153161.0
975,2436,111078.0
976,2437,110184.81
977,2438,115763.24
978,2439,120693.0
979,2440,126715.58
980,2441,112497.1
981,2442,108106.75
982,2443,120605.5
983,2444,128954.34
984,2445,92940.0
985,2446,132918.53
986,2447,220641.46
987,2448,147569.18
988,2449,113357.37
989,2450,157041.24
990,2451,122370.86
991,2452,204885.29
992,2453,101808.33
993,2454,118295.25
994,2455,113574.5
995,2456,135079.93
996,2457,115522.66
997,2458,112298.7
998,2459,112125.54
999,2460,137096.64
1000,2461,116089.79
1001,2462,132560.18
1002,2463,121274.0
1003,2464,173387.39
1004,2465,134103.44
1005,2466,114913.5
1006,2467,144888.27
1007,2468,95757.58
1008,2469,100733.04
1009,2470,180499.5
1010,2471,179066.34
1011,2472,189668.0
1012,2473,121532.5
1013,2474,110195.74
1014,2475,213990.7
1015,2476,110171.48
1016,2477,127791.5
1017,2478,157619.32
1018,2479,115364.5
1019,2480,145056.5
1020,2481,119329.83
1021,2482,134310.8
1022,2483,114712.83
1023,2484,123595.1
1024,2485,122999.5
1025,2486,150197.0
1026,2487,172850.85
1027,2488,144408.38
1028,2489,150916.16
1029,2490,151162.75
1030,2491,98083.5
1031,2492,185403.59
1032,2493,138164.5
1033,2494,167292.0
1034,2495,102790.5
1035,2496,223200.86
1036,2497,151081.4
1037,2498,113717.03
1038,2499,96233.0
1039,2500,132106.89
1040,2501,130420.5
1041,2502,147781.34
1042,2503,106062.08
1043,2504,187273.5
1044,2505,208426.55
1045,2506,255445.82
1046,2507,307372.26
1047,2508,251098.67
1048,2509,221314.18
1049,2510,237865.56
1050,2511,188391.18
1051,2512,216312.35
1052,2513,216051.84
1053,2514,238472.47
1054,2515,145967.6
1055,2516,161003.98
1056,2517,131068.5
1057,2518,139639.5
1058,2519,225131.23
1059,2520,207741.2
1060,2521,196235.25
1061,2522,219215.16
1062,2523,131509.5
1063,2524,142244.0
1064,2525,146931.6
1065,2526,141502.1
1066,2527,120204.33
1067,2528,128652.33
1068,2529,131257.6
1069,2530,110337.5
1070,2531,234497.08
1071,2532,224994.05
1072,2533,197232.09
1073,2534,244024.05
1074,2535,310711.08
1075,2536,222088.95
1076,2537,241826.49
1077,2538,188500.72
1078,2539,189252.35
1079,2540,177608.68
1080,2541,181866.42
1081,2542,156645.09
1082,2543,126924.12
1083,2544,135277.75
1084,2545,133171.34
1085,2546,149301.25
1086,2547,142715.0
1087,2548,147923.33
1088,2549,160110.83
1089,2550,371844.82
1090,2551,145743.85
1091,2552,123919.55
1092,2553,86888.54
1093,2554,123261.0
1094,2555,114069.5
1095,2556,98285.65
1096,2557,111595.33
1097,2558,145731.08
1098,2559,130457.98
1099,2560,124847.16
1100,2561,132953.92
1101,2562,133859.72
1102,2563,151049.13
1103,2564,170323.35
1104,2565,129261.0
1105,2566,146380.84
1106,2567,128960.34
1107,2568,190391.9
1108,2569,190223.04
1109,2570,129284.34
1110,2571,164401.01
1111,2572,196428.5
1112,2573,223061.96
1113,2574,305563.75
1114,2575,127139.0
1115,2576,130223.61
1116,2577,159099.81
1117,2578,99882.5
1118,2579,86281.0
1119,2580,123002.62
1120,2581,135682.5
1121,2582,119451.29
1122,2583,289899.0
1123,2584,167638.53
1124,2585,172684.09
1125,2586,196310.07
1126,2587,201189.93
1127,2588,151736.0
1128,2589,144408.7
1129,2590,211777.51
1130,2591,210104.48
1131,2592,221293.73
1132,2593,257124.87
1133,2594,169774.35
1134,2595,218613.63
1135,2596,331183.91
1136,2597,178962.29
1137,2598,271453.77
1138,2599,327886.45
1139,2600,153183.93
1140,2601,140538.24
1141,2602,91011.0
1142,2603,93797.83
1143,2604,91942.04
1144,2605,96916.18
1145,2606,146857.97
1146,2607,171641.04
1147,2608,191923.2
1148,2609,167132.03
1149,2610,114053.66
1150,2611,152701.05
1151,2612,155628.0
1152,2613,125058.0
1153,2614,126808.33
1154,2615,152578.75
1155,2616,134971.5
1156,2617,172039.5
1157,2618,176424.18
1158,2619,210052.29
1159,2620,187443.0
1160,2621,181834.35
1161,2622,188072.3
1162,2623,249945.79
1163,2624,280990.25
1164,2625,315767.58
1165,2626,166368.64
1166,2627,190650.85
1167,2628,404869.66
1168,2629,503416.96
1169,2630,345026.94
1170,2631,415296.17
1171,2632,385103.61
1172,2633,315274.87
1173,2634,380514.82
1174,2635,150562.43
1175,2636,196060.18
1176,2637,172546.32
1177,2638,261194.66
1178,2639,178556.0
1179,2640,150792.0
1180,2641,108642.33
1181,2642,188264.5
1182,2643,112967.08
1183,2644,131046.04
1184,2645,96613.04
1185,2646,91455.5
1186,2647,97617.0
1187,2648,141506.1
1188,2649,138225.99
1189,2650,150198.74
1190,2651,155725.85
1191,2652,399494.85
1192,2653,254037.06
1193,2654,241618.59
1194,2655,360940.88
1195,2656,299846.42
1196,2657,328900.79
1197,2658,297935.82
1198,2659,307984.01
1199,2660,330725.04
1200,2661,321617.33
1201,2662,323035.13
1202,2663,273798.1
1203,2664,277874.83
1204,2665,302000.69
1205,2666,272916.33
1206,2667,167646.33
1207,2668,178691.05
1208,2669,178882.77
1209,2670,281747.14
1210,2671,179849.78
1211,2672,179368.04
1212,2673,201319.05
1213,2674,194265.05
1214,2675,172014.55
1215,2676,189815.34
1216,2677,202573.4
1217,2678,265381.74
1218,2679,277706.93
1219,2680,268824.75
1220,2681,387137.39
1221,2682,314950.69
1222,2683,497211.88
1223,2684,299131.24
1224,2685,336743.24
1225,2686,252815.85
1226,2687,335577.09
1227,2688,236410.55
1228,2689,221934.79
1229,2690,421823.56
1230,2691,186797.9
1231,2692,133696.5
1232,2693,194509.38
1233,2694,133929.86
1234,2695,191918.98
1235,2696,184036.02
1236,2697,194069.64
1237,2698,200281.31
1238,2699,177129.94
1239,2700,173766.64
1240,2701,154810.11
1241,2702,121490.0
1242,2703,157038.38
1243,2704,139246.0
1244,2705,127439.0
1245,2706,117876.83
1246,2707,125291.0
1247,2708,131614.5
1248,2709,112991.0
1249,2710,123572.15
1250,2711,281492.86
1251,2712,358667.52
1252,2713,172662.2
1253,2714,149472.44
1254,2715,167405.35
1255,2716,163818.94
1256,2717,185361.45
1257,2718,226862.09
1258,2719,159163.0
1259,2720,167971.8
1260,2721,144572.5
1261,2722,160421.84
1262,2723,144846.6
1263,2724,126611.6
1264,2725,136568.5
1265,2726,145992.5
1266,2727,172036.5
1267,2728,167315.74
1268,2729,156269.49
1269,2730,146587.0
1270,2731,121029.0
1271,2732,119492.75
1272,2733,160737.69
1273,2734,144621.42
1274,2735,135509.25
1275,2736,145207.77
1276,2737,120683.83
1277,2738,133605.64
1278,2739,161078.5
1279,2740,143263.5
1280,2741,149519.75
1281,2742,155069.0
1282,2743,152795.5
1283,2744,143696.75
1284,2745,136179.0
1285,2746,131280.75
1286,2747,157456.36
1287,2748,129211.0
1288,2749,128864.75
1289,2750,137134.03
1290,2751,128241.0
1291,2752,217709.11
1292,2753,152974.35
1293,2754,179837.0
1294,2755,126968.0
1295,2756,94001.0
1296,2757,79972.5
1297,2758,90285.5
1298,2759,158263.0
1299,2760,144788.87
1300,2761,145874.5
1301,2762,149208.25
1302,2763,189101.0
1303,2764,173490.5
1304,2765,264836.32
1305,2766,147706.88
1306,2767,89897.0
1307,2768,125868.86
1308,2769,127764.0
1309,2770,151346.5
1310,2771,119849.33
1311,2772,125932.0
1312,2773,137323.4
1313,2774,133559.37
1314,2775,133528.59
1315,2776,142704.44
1316,2777,150725.15
1317,2778,125875.54
1318,2779,122192.53
1319,2780,114494.0
1320,2781,106986.08
1321,2782,99612.0
1322,2783,105932.36
1323,2784,130531.75
1324,2785,139027.61
1325,2786,82080.0
1326,2787,118342.83
1327,2788,85312.0
1328,2789,214721.45
1329,2790,93691.65
1330,2791,123667.5
1331,2792,88044.0
1332,2793,163768.61
1333,2794,102342.33
1334,2795,116181.04
1335,2796,109013.25
1336,2797,201426.0
1337,2798,124951.11
1338,2799,115849.95
1339,2800,83333.0
1340,2801,115496.5
1341,2802,135304.87
1342,2803,156953.0
1343,2804,145005.17
1344,2805,97962.0
1345,2806,98772.04
1346,2807,152982.2
1347,2808,150252.5
1348,2809,127250.2
1349,2810,137529.03
1350,2811,157864.53
1351,2812,146617.4
1352,2813,151714.52
1353,2814,154088.87
1354,2815,107078.5
1355,2816,227799.91
1356,2817,141480.76
1357,2818,131274.6
1358,2819,173698.59
1359,2820,132982.5
1360,2821,110156.91
1361,2822,188103.45
1362,2823,228910.3
1363,2824,176867.0
1364,2825,153285.45
1365,2826,134116.25
1366,2827,142980.5
1367,2828,212567.15
1368,2829,177949.97
1369,2830,227351.42
1370,2831,191127.46
1371,2832,222405.34
1372,2833,288498.8
1373,2834,223771.09
1374,2835,216186.79
1375,2836,191187.24
1376,2837,162060.5
1377,2838,146227.5
1378,2839,182032.66
1379,2840,199973.29
1380,2841,205213.01
1381,2842,226271.72
1382,2843,145530.72
1383,2844,161756.98
1384,2845,122761.0
1385,2846,211356.26
1386,2847,196268.85
1387,2848,231064.9
1388,2849,201632.42
1389,2850,286406.15
1390,2851,227324.61
1391,2852,221945.07
1392,2853,233140.42
1393,2854,137900.8
1394,2855,197241.75
1395,2856,207957.07
1396,2857,187079.4
1397,2858,197430.81
1398,2859,136613.91
1399,2860,125233.6
1400,2861,132464.0
1401,2862,191379.61
1402,2863,121546.0
1403,2864,259675.98
1404,2865,142773.18
1405,2866,135513.45
1406,2867,101508.5
1407,2868,116722.9
1408,2869,119785.16
1409,2870,164302.5
1410,2871,102754.5
1411,2872,65742.5
1412,2873,107382.66
1413,2874,138042.18
1414,2875,119101.04
1415,2876,158441.04
1416,2877,144862.22
1417,2878,166552.24
1418,2879,141488.89
1419,2880,107561.08
1420,2881,158795.08
1421,2882,158895.84
1422,2883,167908.1
1423,2884,179226.99
1424,2885,187346.1
1425,2886,190556.5
1426,2887,111246.25
1427,2888,128930.75
1428,2889,64190.5
1429,2890,94503.0
1430,2891,140018.92
1431,2892,65420.0
1432,2893,106681.54
1433,2894,68594.5
1434,2895,329745.14
1435,2896,300248.89
1436,2897,203281.7
1437,2898,161518.52
1438,2899,232622.55
1439,2900,160084.82
1440,2901,197481.0
1441,2902,181945.59
1442,2903,351488.83
1443,2904,329736.27
1444,2905,115962.24
1445,2906,192365.39
1446,2907,123234.72
1447,2908,126332.0
1448,2909,142501.53
1449,2910,85290.0
1450,2911,90852.0
1451,2912,154317.34
1452,2913,90331.83
1453,2914,92210.54
1454,2915,92440.5
1455,2916,90463.04
1456,2917,159263.5
1457,2918,115455.14
1458,2919,221350.09
